group	ref_dosage	bar_size	total	perc
Group A	2	7	131	5.343511450381679
Group A	3	28	131	21.374045801526716
Group A	4	96	131	73.2824427480916
Group B	1	11	77	14.285714285714286
Group B	2	34	77	44.15584415584416
Group B	3	26	77	33.76623376623377
Group B	4	5	77	6.4935064935064934
