group	ref_dosage	bar_size	total	perc
Multisite variant	4	89	661	13.46444780635401
Multisite variant	3	222	661	33.58547655068079
Multisite variant	2	205	661	31.013615733736764
Multisite variant	1	121	661	18.305597579425115
Multisite variant	0	24	661	3.6308623298033282
Single locus variant	4	285	640	44.53125
Single locus variant	3	270	640	42.1875
Single locus variant	2	85	640	13.28125
